{"stats":{"minecraft:killed":{"minecraft:zombified_piglin":4,"mythicmounts:nightmare":2,"dungeons_and_combat:remanent":4,"born_in_chaos_v1:restless_spirit":1,"mythicmounts:dragon":2,"minecraft:spider":12,"minecraft:skeleton":7,"undead_revamp2:therod":1,"minecraft:illusioner":1,"irons_spellbooks:archevoker":1,"minecraft:piglin":7,"minecraft:pig":10,"undead_revamp2:thebeartamer":1,"alexsmobs:crimson_mosquito":6,"minecraft:sheep":2,"minecraft:pillager":5,"minecraft:zombie":15,"born_in_chaos_v1:corpse_fly":6,"enemyexpansion:botfly":1,"minecraft:blaze":15,"minecraft:cow":14,"minecraft:vindicator":3,"enemyexpansion:direwolf":2,"born_in_chaos_v1:maggot":6,"minecraft:phantom":2,"minecraft:horse":3,"undead_revamp2:sucker":1,"born_in_chaos_v1:spiritof_chaos":1,"minecraft:husk":2,"born_in_chaos_v1:baby_skeleton":1,"born_in_chaos_v1:swarmer":1,"tameablebeasts:tameable_chikote":3,"minecraft:hoglin":1,"born_in_chaos_v1:decrepit_skeleton":1,"mythicmounts:netherbat":1,"iceandfire:ghost":6,"minecraft:wither_skeleton":22},"minecraft:used":{"minecraft:iron_shovel":9,"minecraft:smooth_quartz_slab":1,"minecraft:spruce_slab":1,"minecraft:iron_sword":326,"minecraft:mutton":2,"minecraft:carrot":3,"minecraft:tuff":14,"minecraft:lava_bucket":19,"iceandfire:crackled_gravel":2,"dungeons_and_combat:blacksmith_hammer":212,"simplyswords:diamond_cutlass":123,"dungeons_and_combat:old_shield":67,"minecraft:rabbit_stew":7,"minecraft:bow":70,"minecraft:oak_sapling":5,"minecraft:cooked_cod":11,"minecraft:potato":5,"minecraft:golden_boots":1,"minecraft:damaged_anvil":1,"minecraft:stone_pickaxe":93,"minecraft:oak_planks":81,"minecraft:wooden_pickaxe":4,"minecraft:blue_bed":1,"tameablebeasts:big_bird_meat":2,"dungeons_and_combat:steel_pickaxe":72,"minecraft:white_wool":1,"minecraft:golden_apple":3,"minecraft:sand":3,"minecraft:mushroom_stew":2,"minecraft:blast_furnace":2,"minecraft:crossbow":2,"epicpaladins:moonlight_pickaxe":5059,"iceandfire:silver_pickaxe":316,"minecraft:cyan_bed":2,"minecraft:bread":31,"minecraft:melon_slice":6,"minecraft:cyan_carpet":1,"minecraft:gravel":9,"minecraft:grindstone":1,"minecraft:stripped_oak_wood":1,"minecraft:trident":5,"minecraft:flint_and_steel":1,"mowziesmobs:umvuthana_mask_misery":1,"tacz:gun_smith_table":2,"minecraft:netherrack":622,"minecraft:torch":14,"minecraft:dirt":1,"minecraft:iron_axe":56,"minecraft:polished_blackstone_brick_stairs":1,"minecraft:iron_boots":1,"stalwart_dungeons:soul_magma_bricks":1,"dungeons_and_combat:executioner_axe":60,"minecraft:cooked_beef":29,"minecraft:cobbled_deepslate":246,"minecraft:beetroot_soup":3,"sophisticatedbackpacks:gold_backpack":1,"minecraft:water_bucket":22,"graveyard:ossuary":1,"minecraft:polished_blackstone_bricks":18,"minecraft:crafting_table":6,"minecraft:painting":1,"justhammers:iron_hammer":249,"minecraft:diamond_pickaxe":482,"minecraft:apple":17,"minecraft:iron_pickaxe":275,"iceandfire:ash":1,"minecraft:fishing_rod":4,"minecraft:cobblestone":47,"dungeons_and_combat:mead":1,"minecraft:cooked_porkchop":4,"minecraft:bucket":41,"minecraft:pumpkin_pie":3},"minecraft:mined":{"valhelsia_structures:hanging_vines":1,"regions_unexplored:yellow_bioshroom_block":5,"regions_unexplored:brimsprout":5,"minecraft:mossy_stone_brick_slab":2,"sophisticatedbackpacks:gold_backpack":1,"minecraft:potted_dead_bush":1,"minecraft:granite":4,"minecraft:budding_amethyst":1,"minecraft:grass_block":1,"minecraft:cracked_polished_blackstone_bricks":18,"tacz:gun_smith_table":1,"minecraft:spawner":6,"minecraft:potted_fern":1,"minecraft:polished_blackstone_bricks":60,"epicpaladins:moonlight_ore":21,"minecraft:magma_block":3,"regions_unexplored:pointed_redstone":8,"minecraft:glowstone":72,"bno:nether_coal_ore":2,"farmersdelight:wild_rice":6,"minecraft:cobbled_deepslate":31,"minecraft:fire":123,"minecraft:barrel":1,"regions_unexplored:glister_spire":1,"valhelsia_structures:bone_pile_block":6,"graveyard:ossuary":2,"minecraft:deepslate_lapis_ore":5,"minecraft:nether_brick_stairs":1,"minecraft:oak_stairs":1,"stalwart_dungeons:soul_magma_bricks":1,"iceandfire:gold_pile":163,"bno:nether_iron_ore":9,"minecraft:iron_bars":2,"minecraft:spruce_slab":1,"minecraft:deepslate_redstone_ore":24,"minecraft:blackstone":6,"minecraft:smoker":1,"minecraft:crimson_nylium":6,"minecraft:amethyst_cluster":9,"born_in_chaos_v1:infected_deepslate_diamond_ore":1,"minecraft:note_block":1,"bno:nether_emerald_ore":7,"minecraft:blast_furnace":2,"minecraft:melon":1,"iceandfire:ghost_chest":1,"minecraft:chest":1,"minecraft:smooth_quartz_slab":1,"minecraft:nether_quartz_ore":4,"minecraft:cobblestone":9,"minecraft:oak_planks":2,"minecraft:cyan_bed":3,"minecraft:grindstone":1,"minecraft:sugar_cane":1,"minecraft:damaged_anvil":1,"minecraft:wall_torch":2,"minecraft:amethyst_block":4,"minecraft:deepslate_copper_ore":2,"minecraft:chain":1,"valhelsia_structures:bone_pile":4,"sophisticatedbackpacks:diamond_backpack":1,"minecraft:nether_wart_block":4,"celestisynth:solar_crystal":7,"minecraft:stripped_oak_wood":2,"minecraft:tnt":2,"minecraft:stone_brick_stairs":2,"minecraft:grass":8,"minecraft:oak_log":48,"minecraft:sand":3,"minecraft:dirt":1,"minecraft:smooth_basalt":1,"regions_unexplored:glistering_nylium":16,"bno:nether_lapis_ore":10,"minecraft:netherrack":5144,"regions_unexplored:mycotoxic_grass":6,"minecraft:polished_deepslate_wall":1,"minecraft:oak_leaves":43,"minecraft:deepslate":235,"regions_unexplored:glistering_sprout":2,"minecraft:nether_gold_ore":4,"minecraft:tuff":14,"iceandfire:silver_ore":1,"minecraft:mossy_cobblestone":3,"minecraft:candle":1,"gravestone:gravestone":15,"minecraft:ladder":1,"minecraft:spruce_fence":1,"minecraft:weeping_vines":1,"iceandfire:chared_dirt":2,"regions_unexplored:raw_redstone_block":6,"minecraft:hay_block":153,"bno:nether_diamond_ore":19,"minecraft:furnace":1,"minecraft:red_sandstone":18,"iceandfire:chared_gravel":3,"minecraft:gold_block":31,"minecraft:mossy_stone_brick_stairs":2,"minecraft:bookshelf":7,"minecraft:deepslate_iron_ore":7,"minecraft:vine":1,"minecraft:lantern":1,"minecraft:warped_stem":1,"regions_unexplored:medium_grass":5,"gnumus:fragile_gnumus_jug":1,"regions_unexplored:brimsprout_nylium":10,"minecraft:stone":57,"minecraft:bone_block":50,"regions_unexplored:windswept_grass":8,"regions_unexplored:redstone_bulb":3,"minecraft:potted_allium":1,"minecraft:podzol":1,"regions_unexplored:brimwood_shrub":1,"minecraft:glass_pane":7,"minecraft:soul_sand":1,"minecraft:basalt":10,"regions_unexplored:mycotoxic_moss":18,"minecraft:crafting_table":2,"minecraft:tall_grass":2,"minecraft:copper_ore":14,"minecraft:polished_blackstone_brick_stairs":1,"minecraft:blue_bed":1,"bno:nether_copper_ore":7,"valhelsia_structures:magenta_glazed_jar":1,"minecraft:warped_wart_block":2,"minecraft:red_terracotta":28,"minecraft:gray_wool":1,"minecraft:purple_bed":1,"regions_unexplored:redstone_bud":11,"iceandfire:ash":1,"dungeons_and_combat:silver_deepslate_ore":8,"minecraft:coal_ore":37,"iceandfire:silver_pile":3,"minecraft:gravel":22,"minecraft:cyan_carpet":3,"minecraft:gray_carpet":1,"minecraft:cobweb":16,"minecraft:cracked_stone_bricks":2,"minecraft:stone_bricks":5,"minecraft:polished_andesite":2,"minecraft:mossy_stone_bricks":3,"minecraft:fern":1},"minecraft:killed_by":{"minecraft:zombified_piglin":1,"iceandfire:gorgon":1},"minecraft:custom":{"minecraft:interact_with_crafting_table":34,"minecraft:open_barrel":144,"minecraft:eat_cake_slice":18,"minecraft:leave_game":3,"minecraft:time_since_death":45005,"minecraft:damage_resisted":2147483525,"minecraft:sprint_one_cm":878319,"minecraft:damage_blocked_by_shield":1880,"minecraft:drop":329,"minecraft:play_noteblock":2,"minecraft:talked_to_villager":1,"minecraft:play_time":434138,"minecraft:deaths":19,"minecraft:jump":6492,"minecraft:interact_with_brewingstand":1,"minecraft:walk_on_water_one_cm":54111,"minecraft:interact_with_furnace":10,"minecraft:sleep_in_bed":6,"minecraft:damage_dealt":31083,"minecraft:player_kills":2,"minecraft:crouch_one_cm":13602,"minecraft:interact_with_smoker":23,"minecraft:interact_with_smithing_table":4,"minecraft:mob_kills":184,"minecraft:damage_dealt_resisted":302,"minecraft:climb_one_cm":33108,"minecraft:walk_one_cm":1568422,"minecraft:sneak_time":7560,"minecraft:walk_under_water_one_cm":14386,"minecraft:interact_with_blast_furnace":41,"minecraft:total_world_time":434138,"minecraft:tune_noteblock":2,"minecraft:interact_with_grindstone":2,"minecraft:time_since_rest":12589,"minecraft:damage_absorbed":101,"minecraft:damage_taken":2147483647,"minecraft:trigger_trapped_chest":1,"minecraft:swim_one_cm":40515,"minecraft:fly_one_cm":1264763,"minecraft:open_chest":124,"minecraft:fish_caught":2,"minecraft:fall_one_cm":151919},"minecraft:dropped":{"minecraft:nether_brick_stairs":1,"epicpaladins:moonlight_pickaxe":1,"minecraft:iron_sword":3,"iceandfire:raw_silver":1,"minecraft:candle":4,"minecraft:soul_sand":1,"minecraft:crafting_table":2,"minecraft:crossbow":1,"iceandfire:chared_dirt":2,"minecraft:lantern":3,"iceandfire:ectoplasm":1,"minecraft:iron_horse_armor":1,"minecraft:saddle":1,"regions_unexplored:dorcel":1,"minecraft:leather_helmet":1,"farmersdelight:rice":6,"minecraft:item_frame":4,"minecraft:cracked_polished_blackstone_bricks":17,"dungeons_and_combat:bounty_hunter_chestplate":2,"regions_unexplored:brimsprout":9,"iceandfire:chared_gravel":3,"gravestone:obituary":23,"minecraft:polished_blackstone_bricks":42,"minecraft:gold_nugget":22,"iceandfire:ash":4,"dungeons_and_combat:bounty_hunter_helmet":1,"minecraft:iron_pickaxe":1,"minecraft:stripped_oak_wood":1,"regions_unexplored:yellow_bioshroom":3,"regions_unexplored:redstone_bulb":2,"minecraft:cyan_carpet":3,"minecraft:armor_stand":1,"dungeons_and_combat:bounty_hunter_leggings":2,"minecraft:gravel":12,"minecraft:note_block":1,"regions_unexplored:raw_redstone_block":31,"minecraft:blackstone":3,"minecraft:sugar_cane":3,"minecraft:cobbled_deepslate":34,"simplyswords:iron_twinblade":1,"regions_unexplored:brimwood_shrub":1,"dungeons_and_combat:raw_silver":8,"minecraft:soul_lantern":1,"born_in_chaos_v1:ethereal_spirit":3,"minecraft:rotten_flesh":14,"dungeons_and_combat:steel_pickaxe":1,"minecraft:fern":2,"minecraft:oak_planks":1,"justhammers:iron_hammer":3,"minecraft:salmon":1,"minecraft:carrot":3,"regions_unexplored:mycotoxic_grass":8,"dungeons_and_combat:rogue_leggings":2,"minecraft:chainmail_chestplate":1,"irons_spellbooks:heavy_chain_necklace":2,"minecraft:leather_chestplate":2,"alexsmobs:blood_sac":3,"iceandfire:ghost_chest":1,"minecraft:trident":1,"born_in_chaos_v1:corpse_maggot":2,"minecraft:ladder":1,"minecraft:chest":1,"minecraft:basalt":7,"minecraft:iron_bars":2,"minecraft:arrow":2,"minecraft:warped_wart_block":1,"minecraft:quartz":13,"iceandfire:silver_pickaxe":1,"minecraft:netherrack":10,"epicpaladins:moonlight_gem":24,"minecraft:bread":21,"minecraft:oak_slab":1,"minecraft:wheat_seeds":17,"dungeons_and_combat:blacksmith_chestplate":2,"minecraft:iron_helmet":1,"minecraft:feather":5,"minecraft:cobblestone":11,"minecraft:amethyst_block":1,"minecraft:coal":1,"minecraft:stick":8,"minecraft:polished_andesite":2,"dungeons_and_combat:rusty_bronze_plates":2,"irons_spellbooks:scroll":2,"regions_unexplored:small_oak_log":4,"minecraft:torch":6,"regions_unexplored:glistering_sprout":10,"minecraft:oak_stairs":1,"tacz:modern_kinetic_gun":1,"minecraft:chainmail_leggings":1,"minecraft:iron_shovel":1,"minecraft:music_disc_cat":1,"dungeons_and_combat:bounty_hunter_boots":2,"minecraft:smooth_basalt":1,"dungeons_and_combat:blacksmith_hammer":1,"iceandfire:silver_nugget":10,"minecraft:furnace":1,"dungeons_and_combat:blacksmith_leggings":1,"dungeons_and_combat:blacksmith_boots":1,"minecraft:stone_sword":1,"minecraft:bowl":10,"minecraft:tuff":12,"iceandfire:witherbone":2,"minecraft:iron_boots":2,"minecraft:spruce_fence":1,"minecraft:diamond_sword":1,"minecraft:potato":4,"minecraft:flower_pot":2,"minecraft:iron_chestplate":2,"minecraft:golden_leggings":1,"minecraft:oak_sapling":17,"minecraft:spider_eye":4,"minecraft:bow":1,"minecraft:wooden_pickaxe":2,"minecraft:magma_block":2,"minecraft:cyan_bed":1,"minecraft:black_wool":1},"minecraft:picked_up":{"regions_unexplored:small_oak_log":11,"minecraft:iron_chestplate":2,"minecraft:flower_pot":2,"dungeons_and_combat:old_shield":1,"minecraft:oak_stairs":1,"regions_unexplored:brimsprout":14,"regions_unexplored:glistering_sprout":17,"minecraft:enchanted_book":4,"minecraft:stone_brick_stairs":1,"irons_spellbooks:cast_time_ring":1,"minecraft:polished_blackstone_brick_stairs":1,"minecraft:raw_copper":54,"minecraft:string":26,"irons_spellbooks:heavy_chain_necklace":1,"minecraft:iron_leggings":2,"minecraft:armor_stand":3,"minecraft:experience_bottle":1,"minecraft:diamond_leggings":1,"alexsmobs:blood_sac":3,"irons_spellbooks:arcane_essence":6,"minecraft:gold_nugget":1877,"dungeons_and_combat:bounty_hunter_leggings":1,"minecraft:cobbled_deepslate":74,"dungeons_and_combat:steel_pickaxe":1,"minecraft:netherite_upgrade_smithing_template":1,"hangglider:hang_glider":2,"minecraft:melon_slice":6,"minecraft:iron_boots":3,"minecraft:furnace":1,"minecraft:stick":55,"iceandfire:ghost_chest":1,"apotheosis:gem":9,"minecraft:torch":8,"minecraft:porkchop":27,"tacz:attachment":1,"iceandfire:crackled_gravel":2,"regions_unexplored:raw_redstone_block":58,"epicpaladins:moonlight_gem":51,"stalwart_dungeons:soul_magma_bricks":1,"minecraft:stone_sword":2,"minecraft:rotten_flesh":41,"tameablebeasts:big_bird_meat":2,"dungeons_and_combat:raw_silver":8,"minecraft:blaze_rod":7,"minecraft:iron_bars":2,"minecraft:cod":1,"minecraft:cobblestone":11,"minecraft:magma_block":2,"minecraft:leather_chestplate":1,"minecraft:feather":5,"minecraft:cooked_beef":10,"farmersdelight:rice":6,"composite_material:obsidian_steel_block":1,"minecraft:golden_leggings":1,"minecraft:smoker":1,"minecraft:flint":3,"dungeons_and_combat:bounty_hunter_chestplate":1,"minecraft:tuff":23,"minecraft:lapis_lazuli":136,"minecraft:dirt":2,"minecraft:lantern":5,"minecraft:bone":118,"dungeons_and_combat:rusty_bronze_plates":7,"minecraft:bow":2,"regions_unexplored:brimwood_shrub":1,"minecraft:wheat_seeds":17,"minecraft:grindstone":1,"minecraft:mossy_stone_bricks":1,"minecraft:glowstone_dust":204,"tacz:gun_smith_table":1,"minecraft:oak_planks":6,"minecraft:cooked_porkchop":2,"irons_spellbooks:legendary_ink":1,"minecraft:warped_wart_block":1,"justhammers:iron_hammer":3,"minecraft:sand":3,"minecraft:nether_brick_stairs":1,"minecraft:cyan_bed":4,"minecraft:red_terracotta":28,"minecraft:mossy_cobblestone":3,"simplyswords:iron_twinblade":1,"minecraft:polished_andesite":2,"minecraft:diamond":12,"minecraft:soul_lantern":1,"minecraft:cracked_polished_blackstone_bricks":17,"regions_unexplored:redwood_shrub":1,"minecraft:crossbow":3,"minecraft:spruce_sign":1,"minecraft:emerald":22,"minecraft:oak_sapling":23,"minecraft:netherrack":2178,"iceandfire:silver_nugget":10,"iceandfire:raw_silver":1,"sophisticatedbackpacks:gold_backpack":1,"minecraft:crafting_table":2,"regions_unexplored:mycotoxic_grass":8,"iceandfire:witherbone":6,"minecraft:ladder":1,"minecraft:rabbit_stew":4,"minecraft:wooden_pickaxe":1,"dungeons_and_combat:rogue_leggings":1,"friendsandfoes:totem_of_illusion":1,"minecraft:gold_block":29,"gravestone:obituary":6,"minecraft:iron_axe":1,"tacz:ammo":72,"minecraft:item_frame":4,"minecraft:iron_shovel":1,"minecraft:blackstone":3,"dungeonnowloading:spawner_fragment":8,"minecraft:cyan_carpet":4,"iceandfire:ghost_ingot":1,"minecraft:cracked_stone_bricks":2,"minecraft:candle":4,"minecraft:beef":25,"irons_spellbooks:epic_ink":1,"dungeons_and_combat:bounty_hunter_helmet":1,"minecraft:spruce_slab":1,"minecraft:sugar_cane":3,"minecraft:chest":1,"minecraft:raw_iron":71,"relics:rage_glove":1,"minecraft:copper_ingot":2,"dungeons_and_combat:blacksmith_chestplate":1,"minecraft:bowl":3,"minecraft:note_block":1,"minecraft:spruce_fence":1,"sophisticatedbackpacks:backpack":1,"minecraft:polished_blackstone_bricks":60,"minecraft:redstone":275,"minecraft:tnt":2,"irons_spellbooks:evocation_rune":1,"minecraft:arrow":55,"regions_unexplored:redstone_bulb":2,"celestisynth:solar_crystal":8,"minecraft:diamond_boots":1,"iceandfire:chared_dirt":2,"minecraft:hay_block":152,"minecraft:gold_ingot":1,"minecraft:mutton":2,"dungeons_and_combat:bounty_hunter_boots":1,"minecraft:white_wool":1,"minecraft:bone_block":48,"born_in_chaos_v1:corpse_maggot":5,"regions_unexplored:dorcel":1,"minecraft:basalt":7,"minecraft:salmon":1,"minecraft:fern":2,"minecraft:leather":15,"minecraft:oak_log":38,"minecraft:chainmail_chestplate":3,"iceandfire:ectoplasm":2,"minecraft:golden_boots":1,"minecraft:nether_wart_block":4,"minecraft:gunpowder":1,"minecraft:blue_bed":1,"regions_unexplored:small_oak_sapling":3,"minecraft:apple":7,"minecraft:stone_bricks":2,"minecraft:red_sandstone":18,"minecraft:warped_stem":1,"minecraft:iron_ingot":10,"minecraft:stripped_oak_wood":2,"minecraft:iron_sword":1,"minecraft:soul_sand":1,"regions_unexplored:yellow_bioshroom":3,"sophisticatedbackpacks:diamond_backpack":1,"minecraft:book":21,"epicpaladins:moonlight_pickaxe":1,"minecraft:oak_slab":1,"minecraft:smooth_basalt":1,"minecraft:quartz":25,"iceandfire:ash":3,"born_in_chaos_v1:ethereal_spirit":3,"graveyard:ossuary":2,"minecraft:gravel":22,"minecraft:amethyst_shard":40,"minecraft:blast_furnace":2,"minecraft:spruce_log":1,"minecraft:crying_obsidian":5,"minecraft:mossy_stone_brick_slab":1,"minecraft:spider_eye":4,"minecraft:leather_helmet":1,"irons_spellbooks:poisonward_ring":1,"minecraft:purple_bed":1,"irons_spellbooks:magehunter":1,"tacz:modern_kinetic_gun":2,"minecraft:chainmail_leggings":1,"minecraft:iron_helmet":1,"minecraft:painting":1,"minecraft:damaged_anvil":1,"minecraft:black_wool":1,"minecraft:smooth_quartz_slab":1,"minecraft:coal":156,"iceandfire:chared_gravel":3,"irons_spellbooks:scroll":1},"minecraft:broken":{"dungeons_and_combat:executioner_axe":1,"minecraft:iron_leggings":1,"minecraft:stone_pickaxe":1,"minecraft:iron_sword":1,"epicpaladins:moonlight_pickaxe":3,"dungeons_and_combat:bounty_hunter_helmet":1,"mowziesmobs:umvuthana_mask_misery":1,"minecraft:iron_helmet":1},"minecraft:crafted":{"minecraft:oak_planks":168,"hangglider:hang_glider":1,"sophisticatedbackpacks:crafting_upgrade":1,"minecraft:warped_planks":4,"minecraft:chest":1,"minecraft:cooked_porkchop":24,"minecraft:crafting_table":6,"minecraft:wooden_pickaxe":1,"minecraft:copper_ingot":54,"sophisticatedbackpacks:upgrade_base":2,"epicpaladins:moonlight_pickaxe":4,"sophisticatedbackpacks:diamond_backpack":1,"minecraft:stick":52,"minecraft:iron_ingot":118,"minecraft:iron_block":1,"minecraft:gold_ingot":333,"hangglider:glider_framework":1,"minecraft:iron_nugget":297,"minecraft:bone_meal":432,"hangglider:glider_wing":2,"minecraft:flint_and_steel":1,"sophisticatedbackpacks:iron_backpack":1,"minecraft:wheat":1413,"minecraft:cooked_beef":23,"minecraft:cooked_cod":11,"tacz:gun_smith_table":1,"sophisticatedbackpacks:gold_backpack":1,"minecraft:bucket":1,"minecraft:bread":466,"minecraft:air":0,"justhammers:iron_hammer":3,"sophisticatedbackpacks:smoking_upgrade":1}},"DataVersion":3465}