{"stats":{"minecraft:killed":{"dungeons_and_combat:remanent":1,"minecraft:vindicator":1,"minecraft:spider":4,"born_in_chaos_v1:siamese_skeletonsright":1,"minecraft:skeleton":3,"gnumus:gnumus_hunter":2,"undead_revamp2:therod":1,"undead_revamp2:thespitter":2,"mowziesmobs:umvuthana":1,"born_in_chaos_v1:baby_skeleton":1,"undead_revamp2:the_moonflower":10,"minecraft:wandering_trader":1,"born_in_chaos_v1:decrepit_skeleton":1,"minecraft:sheep":1,"minecraft:trader_llama":2,"minecraft:zombie":2,"iceandfire:ghost":7,"born_in_chaos_v1:dread_hound":3,"born_in_chaos_v1:corpse_fly":5,"minecraft:stray":1,"alexsmobs:fly":1,"born_in_chaos_v1:siamese_skeletonsleft":1},"minecraft:mined":{"minecraft:cobblestone_stairs":1,"gravestone:gravestone":7,"minecraft:grass_block":5,"minecraft:stripped_jungle_wood":1,"minecraft:hay_block":3,"minecraft:furnace":2,"minecraft:cobbled_deepslate":2,"minecraft:iron_ore":2,"minecraft:fire":7,"minecraft:moss_carpet":1,"minecraft:cobblestone_slab":1,"minecraft:smooth_sandstone_stairs":1,"regions_unexplored:medium_grass":7,"regions_unexplored:small_oak_log":11,"minecraft:stone":116,"regions_unexplored:redwood_log":160,"regions_unexplored:windswept_grass":1,"minecraft:oak_slab":1,"minecraft:smoker":1,"minecraft:smooth_sandstone":5,"minecraft:crafting_table":2,"minecraft:melon":5,"minecraft:tall_grass":6,"valhelsia_structures:bundled_stripped_oak_posts":3,"minecraft:copper_ore":12,"minecraft:cobblestone":15,"regions_unexplored:mauve_log":11,"minecraft:sugar_cane":4,"minecraft:oak_planks":9,"minecraft:spruce_log":1,"iceandfire:ash":1,"minecraft:tnt":1,"minecraft:grass":8,"minecraft:coal_ore":14,"minecraft:oak_log":131,"minecraft:cyan_carpet":2,"minecraft:gravel":3,"minecraft:dirt":5,"minecraft:cobweb":6,"minecraft:netherrack":3,"minecraft:deepslate":6,"minecraft:oak_leaves":17,"minecraft:fern":2},"minecraft:used":{"minecraft:stone_sword":2,"composite_material:copper_pickaxe":39,"minecraft:flint_and_steel":5,"minecraft:iron_sword":41,"minecraft:rotten_flesh":4,"minecraft:cooked_chicken":2,"minecraft:smooth_sandstone_stairs":2,"minecraft:netherrack":9,"minecraft:dirt":1,"born_in_chaos_v1:corpse_maggot":1,"sophisticatedbackpacks:diamond_backpack":1,"farmersdelight:tomato":2,"minecraft:iron_axe":22,"minecraft:smooth_sandstone":6,"farmersdelight:rotten_tomato":1,"minecraft:iron_helmet":1,"immersive_armors:wooden_chestplate":1,"simplyswords:iron_scythe":178,"minecraft:bow":1,"minecraft:furnace":3,"iceandfire:armor_copper_metal_helmet":2,"alexsmobs:banana":1,"composite_material:copper_chestplate":1,"minecraft:cooked_beef":8,"minecraft:cobbled_deepslate":2,"immersive_armors:wooden_helmet":1,"minecraft:cooked_mutton":1,"composite_material:copper_sword":65,"minecraft:stone_pickaxe":125,"minecraft:oak_planks":13,"minecraft:smooth_sandstone_slab":1,"minecraft:wooden_pickaxe":10,"minecraft:cobblestone_slab":1,"dungeons_and_combat:steel_pickaxe":7,"minecraft:crafting_table":5,"minecraft:oak_slab":1,"epicpaladins:moonlight_pickaxe":11,"minecraft:smoker":1,"regions_unexplored:redwood_log":16,"minecraft:apple":9,"born_in_chaos_v1:monster_flesh":1,"minecraft:bread":35,"minecraft:melon_slice":24,"minecraft:gravel":2,"minecraft:stone_axe":10,"immersive_armors:wooden_boots":1,"minecraft:cobblestone":104,"minecraft:cooked_porkchop":23,"minecraft:candle":5,"minecraft:cobweb":16},"minecraft:killed_by":{"minecraft:player":3,"mowziesmobs:umvuthana":1},"minecraft:custom":{"minecraft:mob_kills":54,"minecraft:interact_with_crafting_table":20,"minecraft:open_barrel":2,"minecraft:damage_dealt_resisted":440,"minecraft:leave_game":3,"minecraft:time_since_death":24772,"minecraft:climb_one_cm":27040,"minecraft:damage_resisted":0,"minecraft:sprint_one_cm":340752,"minecraft:walk_one_cm":282445,"minecraft:drop":75,"minecraft:play_time":204784,"minecraft:deaths":9,"minecraft:sneak_time":12046,"minecraft:walk_under_water_one_cm":910,"minecraft:jump":2717,"minecraft:interact_with_blast_furnace":1,"minecraft:walk_on_water_one_cm":9647,"minecraft:total_world_time":204784,"minecraft:interact_with_furnace":13,"minecraft:sleep_in_bed":1,"minecraft:time_since_rest":2115,"minecraft:damage_taken":8264,"minecraft:damage_dealt":13648,"minecraft:swim_one_cm":5985,"minecraft:fly_one_cm":533502,"minecraft:player_kills":1,"minecraft:open_chest":45,"minecraft:crouch_one_cm":29384,"minecraft:interact_with_smoker":7,"minecraft:fall_one_cm":87389},"minecraft:dropped":{"epicpaladins:moonlight_gem":15,"minecraft:golden_boots":1,"epicpaladins:moonlight_pickaxe":1,"minecraft:iron_sword":1,"minecraft:wheat_seeds":3,"minecraft:cooked_beef":4,"minecraft:diamond_leggings":1,"minecraft:crossbow":1,"minecraft:netherite_upgrade_smithing_template":1,"minecraft:iron_helmet":1,"minecraft:lantern":1,"iceandfire:ectoplasm":1,"minecraft:copper_ingot":5,"minecraft:coal":19,"minecraft:stick":34,"minecraft:emerald":2,"regions_unexplored:brimsprout":4,"regions_unexplored:glistering_sprout":7,"minecraft:iron_leggings":1,"gravestone:obituary":6,"minecraft:gold_nugget":11,"minecraft:iron_axe":1,"minecraft:iron_shovel":1,"minecraft:string":8,"relics:rage_glove":1,"minecraft:redstone":158,"minecraft:gold_ingot":2,"minecraft:bone":1,"hangglider:hang_glider":1,"minecraft:raw_copper":15,"minecraft:bowl":3,"minecraft:iron_boots":1,"dungeons_and_combat:steel_pickaxe":3,"minecraft:oak_planks":1,"minecraft:glowstone_dust":14,"composite_material:obsidian_steel_block":1,"justhammers:iron_hammer":2,"regions_unexplored:small_oak_sapling":3,"iceandfire:crackled_gravel":2,"minecraft:chainmail_chestplate":1,"dungeons_and_combat:old_shield":1,"apotheosis:gem":5,"minecraft:oak_sapling":84,"minecraft:spider_eye":1,"minecraft:diamond_boots":1,"minecraft:rabbit_stew":4,"minecraft:arrow":36,"minecraft:bow":1,"minecraft:wooden_pickaxe":1,"minecraft:crying_obsidian":5,"minecraft:quartz":3,"immersive_armors:wooden_helmet":3,"minecraft:cyan_bed":1,"minecraft:netherrack":1708,"irons_spellbooks:cast_time_ring":1},"minecraft:picked_up":{"minecraft:crafting_table":2,"minecraft:ladder":1,"gnumus:gnumus_claw":2,"gravestone:obituary":1,"minecraft:string":8,"minecraft:raw_copper":85,"minecraft:iron_axe":2,"minecraft:iron_leggings":1,"minecraft:cyan_carpet":1,"minecraft:cobbled_deepslate":8,"minecraft:beef":5,"dungeons_and_combat:steel_pickaxe":3,"minecraft:cobblestone_slab":1,"valhelsia_structures:bundled_stripped_oak_posts":3,"minecraft:melon_slice":24,"minecraft:sugar_cane":13,"regions_unexplored:redwood_log":156,"minecraft:furnace":2,"minecraft:stick":47,"minecraft:raw_iron":2,"apotheosis:gem":6,"farmersdelight:rotten_tomato":1,"minecraft:copper_ingot":3,"minecraft:porkchop":23,"iceandfire:crackled_gravel":1,"minecraft:trident":1,"epicpaladins:moonlight_gem":24,"minecraft:smooth_sandstone_slab":1,"immersive_armors:wooden_helmet":2,"minecraft:arrow":9,"minecraft:rotten_flesh":36,"regions_unexplored:mauve_sapling":4,"regions_unexplored:mauve_log":11,"minecraft:hay_block":4,"minecraft:gold_ingot":2,"minecraft:cobblestone":121,"born_in_chaos_v1:corpse_maggot":1,"minecraft:air":0,"minecraft:feather":1,"born_in_chaos_v1:monster_flesh":1,"minecraft:leather":1,"minecraft:smoker":1,"minecraft:oak_log":132,"minecraft:smooth_sandstone_stairs":2,"iceandfire:ectoplasm":5,"minecraft:cobblestone_stairs":1,"farmersdelight:tomato":2,"minecraft:dirt":1,"minecraft:cooked_mutton":1,"minecraft:smooth_sandstone":6,"minecraft:bone":12,"minecraft:apple":7,"minecraft:wheat_seeds":5,"regions_unexplored:redwood_sapling":16,"minecraft:iron_sword":1,"minecraft:oak_planks":8,"epicpaladins:moonlight_pickaxe":1,"minecraft:oak_slab":1,"iceandfire:ash":2,"minecraft:gravel":2,"minecraft:spider_eye":1,"minecraft:iron_helmet":2,"minecraft:stripped_jungle_wood":1,"minecraft:emerald":2,"minecraft:bread":31,"alexsmobs:maggot":2,"minecraft:oak_sapling":83,"minecraft:netherrack":123,"minecraft:coal":25},"minecraft:broken":{"dungeons_and_combat:copper_leggings":1,"composite_material:copper_boots":1,"composite_material:copper_chestplate":1,"iceandfire:armor_copper_metal_helmet":1},"minecraft:crafted":{"minecraft:wooden_sword":1,"minecraft:oak_planks":12,"composite_material:copper_boots":1,"minecraft:furnace":1,"immersive_armors:wooden_chestplate":1,"iceandfire:armor_copper_metal_helmet":1,"minecraft:flint_and_steel":1,"regions_unexplored:mauve_planks":44,"minecraft:stone_pickaxe":1,"immersive_armors:wooden_helmet":2,"minecraft:wheat":36,"minecraft:cooked_beef":7,"minecraft:cooked_porkchop":23,"minecraft:crafting_table":3,"minecraft:wooden_pickaxe":2,"immersive_armors:wooden_leggings":1,"minecraft:copper_ingot":29,"composite_material:copper_pickaxe":1,"minecraft:stone_axe":1,"minecraft:bread":12,"minecraft:air":0,"simplyswords:iron_scythe":1,"immersive_armors:wooden_boots":1,"composite_material:copper_chestplate":1,"justhammers:iron_hammer":1,"dungeons_and_combat:copper_leggings":1,"composite_material:copper_sword":1,"minecraft:stone_sword":1}},"DataVersion":3465}