{"stats":{"minecraft:custom":{"minecraft:jump":4,"minecraft:time_since_rest":15997,"minecraft:crouch_one_cm":339,"minecraft:leave_game":1,"minecraft:sprint_one_cm":56,"minecraft:play_time":15997,"minecraft:damage_taken":250,"minecraft:time_since_death":15997,"minecraft:walk_one_cm":3820,"minecraft:sneak_time":346,"minecraft:total_world_time":15997,"minecraft:fall_one_cm":1345,"minecraft:fly_one_cm":1222},"minecraft:picked_up":{"regions_unexplored:peat_dirt":3,"minecraft:wheat_seeds":1},"minecraft:used":{"regions_unexplored:peat_dirt":3},"minecraft:mined":{"regions_unexplored:blackwood_leaves":1,"regions_unexplored:peat_dirt":3,"minecraft:fern":1}},"DataVersion":3465}