{"stats":{"minecraft:killed":{"enemyexpansion:trollenraged":1,"dungeons_and_combat:remanent":18,"born_in_chaos_v1:restless_spirit":1,"irons_spellbooks:priest":1,"mythicmounts:dragon":1,"enemyexpansion:equestrian":1,"minecraft:spider":10,"enemyexpansion:direwolf":4,"born_in_chaos_v1:siamese_skeletonsright":2,"born_in_chaos_v1:zombie_bruiser":1,"undead_revamp2:theswarmer":1,"born_in_chaos_v1:maggot":18,"born_in_chaos_v1:baby_spider":1,"minecraft:horse":8,"minecraft:skeleton":8,"enemyexpansion:faller":2,"minecraft:bee":1,"gnumus:gnumus_hunter":1,"born_in_chaos_v1:skeleton_thrasher":1,"undead_revamp2:therod":1,"undead_revamp2:thespitter":2,"born_in_chaos_v1:siamese_skeletons":2,"minecraft:pig":10,"born_in_chaos_v1:baby_skeleton":1,"born_in_chaos_v1:swarmer":2,"undead_revamp2:the_moonflower":2,"enemyexpansion:sprinter":2,"born_in_chaos_v1:decrepit_skeleton":3,"minecraft:sheep":3,"minecraft:zombie":24,"iceandfire:ghost":11,"born_in_chaos_v1:dread_hound":1,"enemyexpansion:vampire":1,"born_in_chaos_v1:corpse_fly":13,"enemyexpansion:botfly":11,"enemyexpansion:huntsman":1,"minecraft:stray":1,"born_in_chaos_v1:siamese_skeletonsleft":2,"minecraft:cow":2},"minecraft:mined":{"iceandfire:silver_ore":6,"minecraft:deepslate_diamond_ore":2,"minecraft:candle":1,"minecraft:sculk_vein":1,"minecraft:cobblestone_stairs":1,"minecraft:mangrove_roots":1,"iceandfire:crackled_gravel":2,"minecraft:ladder":4,"gravestone:gravestone":1,"minecraft:granite":4,"minecraft:grass_block":77,"born_in_chaos_v1:black_argillite":2,"minecraft:weeping_vines":1,"valhelsia_structures:oak_post":1,"minecraft:spawner":1,"minecraft:potted_fern":1,"minecraft:large_fern":1,"minecraft:hay_block":22,"valhelsia_furniture:birch_stool":1,"valhelsia_furniture:hay_birch_chair":3,"minecraft:furnace":1,"minecraft:iron_ore":35,"minecraft:cobbled_deepslate":4,"graveyard:upper_bone_staff":1,"minecraft:deepslate_lapis_ore":7,"minecraft:sculk_shrieker":2,"minecraft:bookshelf":4,"minecraft:deepslate_iron_ore":26,"minecraft:cobblestone_slab":2,"minecraft:vine":1,"regions_unexplored:medium_grass":4,"minecraft:stone":148,"regions_unexplored:windswept_grass":9,"minecraft:spruce_slab":1,"valhelsia_furniture:birch_table":6,"valhelsia_structures:doused_wall_torch":1,"minecraft:smithing_table":3,"minecraft:deepslate_redstone_ore":12,"epicpaladins:deepslate_bloodstone_ore":6,"dungeons_and_combat:titanium_deepslate_ore":22,"minecraft:crafting_table":1,"dungeons_and_combat:silver_ore":6,"minecraft:torch":1,"minecraft:blast_furnace":1,"minecraft:sculk_sensor":1,"minecraft:tall_grass":1,"minecraft:copper_ore":20,"minecraft:cobblestone":23,"minecraft:deepslate_gold_ore":7,"minecraft:lapis_ore":1,"minecraft:damaged_anvil":1,"minecraft:oak_planks":21,"minecraft:sugar_cane":3,"minecraft:sculk":12,"minecraft:diorite":16,"minecraft:wall_torch":1,"minecraft:seagrass":1,"minecraft:spruce_stairs":1,"epicpaladins:bloodstone_ore":5,"rpgsmw:mineral_ore":1,"minecraft:tnt":4,"valhelsia_furniture:open_white_curtain":1,"minecraft:yellow_bed":1,"minecraft:grass":3,"minecraft:coal_ore":72,"minecraft:oak_log":64,"minecraft:gravel":7,"minecraft:sand":43,"minecraft:dirt":18,"minecraft:cobweb":12,"valhelsia_structures:cut_oak_post":2,"minecraft:cracked_stone_bricks":2,"minecraft:stone_bricks":8,"minecraft:mossy_stone_bricks":1,"minecraft:deepslate":204},"minecraft:used":{"minecraft:iron_shovel":139,"minecraft:iron_sword":21,"dungeons_and_combat:titanium_greatsword":47,"minecraft:torch":220,"minecraft:dirt":74,"minecraft:wooden_axe":1,"minecraft:iron_axe":180,"minecraft:furnace":1,"ironchest:gold_chest":1,"minecraft:cobbled_deepslate":58,"apotheosis:salvaging_table":1,"minecraft:cooked_mutton":3,"minecraft:damaged_anvil":1,"minecraft:stone_pickaxe":38,"minecraft:oak_planks":123,"minecraft:wooden_pickaxe":14,"minecraft:crafting_table":6,"minecraft:blast_furnace":1,"simplyswords:iron_twinblade":249,"justhammers:iron_hammer":167,"iceandfire:silver_pickaxe":1,"minecraft:diamond_pickaxe":612,"minecraft:apple":2,"minecraft:bread":61,"minecraft:stone_axe":1,"dungeons_and_combat:dagger":173,"minecraft:cobblestone":104,"minecraft:bucket":1,"minecraft:smithing_table":2,"epicpaladins:bloodstone_hoe":15},"minecraft:killed_by":{"minecraft:player":1},"minecraft:custom":{"minecraft:interact_with_smithing_table":12,"minecraft:mob_kills":179,"minecraft:interact_with_crafting_table":44,"minecraft:open_barrel":28,"minecraft:damage_dealt_resisted":663,"minecraft:eat_cake_slice":2,"minecraft:leave_game":10,"minecraft:time_since_death":22778,"minecraft:climb_one_cm":8902,"minecraft:damage_resisted":0,"minecraft:sprint_one_cm":235813,"minecraft:walk_one_cm":831497,"minecraft:drop":57,"minecraft:play_time":259346,"minecraft:deaths":2,"minecraft:sneak_time":6927,"minecraft:walk_under_water_one_cm":408,"minecraft:jump":3357,"minecraft:interact_with_blast_furnace":24,"minecraft:walk_on_water_one_cm":2406,"minecraft:total_world_time":259346,"minecraft:interact_with_furnace":23,"minecraft:time_since_rest":22804,"minecraft:damage_taken":3434,"minecraft:damage_absorbed":2422,"minecraft:trigger_trapped_chest":4,"minecraft:damage_dealt":34930,"minecraft:player_kills":1,"minecraft:fly_one_cm":504586,"minecraft:swim_one_cm":2751,"minecraft:open_chest":135,"minecraft:crouch_one_cm":28041,"minecraft:interact_with_smoker":6,"minecraft:fall_one_cm":82833},"minecraft:dropped":{"minecraft:bread":10,"dungeons_and_combat:rogue_chestplate":2,"minecraft:iron_sword":1,"minecraft:oak_slab":1,"minecraft:porkchop":23,"valhelsia_furniture:birch_table":12,"minecraft:wheat_seeds":4,"weaponmaster:tutorialbook":1,"minecraft:iron_helmet":1,"dungeons_and_combat:rogue_boots":1,"minecraft:item_frame":8,"born_in_chaos_v1:monster_flesh":1,"minecraft:dirt":3,"dungeons_and_combat:rusty_bronze_plates":4,"born_in_chaos_v1:black_argillite":2,"iceandfire:copper_nugget":7,"valhelsia_furniture:birch_stool":2,"minecraft:wooden_axe":1,"rpgsmw:class_choose_orb":1,"gravestone:obituary":1,"iceandfire:ash":12,"minecraft:iron_axe":1,"minecraft:smooth_sandstone":2,"minecraft:mangrove_roots":1,"alexsmobs:animal_dictionary":1,"simplyswords:iron_twinblade":1,"minecraft:iron_boots":1,"minecraft:oak_sign":1,"iceandfire:crackled_gravel":5,"irons_spellbooks:heavy_chain_necklace":1,"minecraft:sandstone_wall":1,"minecraft:iron_chestplate":1,"minecraft:ladder":2,"apotheosis:gem":6,"minecraft:beef":5,"valhelsia_furniture:hay_birch_chair":9},"minecraft:picked_up":{"irons_spellbooks:scroll":1,"iceandfire:dragon_skull_lightning":1,"minecraft:charcoal":2,"minecraft:iron_chestplate":1,"minecraft:crafting_table":1,"minecraft:ladder":3,"minecraft:smithing_table":2,"irons_spellbooks:holy_rune":1,"valhelsia_furniture:white_curtain":2,"born_in_chaos_v1:black_argillite":2,"minecraft:raw_copper":77,"minecraft:string":23,"minecraft:iron_axe":1,"irons_spellbooks:heavy_chain_necklace":1,"minecraft:iron_leggings":1,"minecraft:item_frame":12,"epicpaladins:bloodstone_gem":11,"dungeonnowloading:spawner_fragment":10,"valhelsia_structures:oak_post":1,"minecraft:oak_sign":1,"minecraft:cracked_stone_bricks":1,"irons_spellbooks:arcane_essence":4,"valhelsia_furniture:birch_table":12,"minecraft:candle":3,"minecraft:cobbled_deepslate":97,"minecraft:beef":5,"minecraft:cobblestone_slab":2,"valhelsia_furniture:hay_birch_chair":9,"valhelsia_structures:bundled_stripped_oak_posts":3,"minecraft:spruce_slab":1,"minecraft:sugar_cane":5,"minecraft:furnace":1,"dungeons_and_combat:rogue_chestplate":1,"minecraft:iron_boots":3,"minecraft:stick":24,"minecraft:raw_iron":60,"iceandfire:dragonbone":19,"apotheosis:gem":15,"born_in_chaos_v1:shattered_skull":2,"minecraft:copper_ingot":8,"minecraft:torch":7,"minecraft:spruce_stairs":1,"minecraft:sandstone_wall":1,"minecraft:porkchop":23,"iceandfire:crackled_gravel":7,"minecraft:trident":1,"minecraft:diorite":16,"born_in_chaos_v1:pieceofdarkmetal":6,"minecraft:carrot":1,"minecraft:redstone":54,"valhelsia_furniture:birch_stool":2,"minecraft:tnt":3,"minecraft:weeping_vines":1,"minecraft:arrow":10,"minecraft:rotten_flesh":61,"minecraft:hay_block":22,"dungeons_and_combat:raw_silver":11,"minecraft:mangrove_roots":1,"rpgsmw:edmantium":1,"minecraft:mutton":4,"minecraft:cobblestone":172,"minecraft:white_wool":2,"born_in_chaos_v1:fused_bone":2,"born_in_chaos_v1:corpse_maggot":17,"dungeons_and_combat:raw_titanium":12,"born_in_chaos_v1:monster_flesh":1,"minecraft:leather":12,"minecraft:tuff":4,"minecraft:oak_log":69,"iceandfire:ectoplasm":6,"minecraft:gunpowder":6,"minecraft:cobblestone_stairs":1,"minecraft:lapis_lazuli":53,"minecraft:dirt":95,"minecraft:smooth_sandstone":2,"minecraft:bone":20,"minecraft:apple":3,"minecraft:stone_bricks":3,"minecraft:bow":1,"dungeons_and_combat:rusty_bronze_plates":31,"minecraft:wheat_seeds":4,"minecraft:raw_gold":7,"minecraft:iron_ingot":2,"minecraft:stripped_oak_wood":4,"minecraft:oak_planks":10,"minecraft:book":12,"minecraft:scaffolding":1,"minecraft:oak_slab":1,"iceandfire:copper_nugget":16,"irons_spellbooks:legendary_ink":1,"iceandfire:ash":12,"minecraft:gravel":5,"valhelsia_structures:cut_oak_post":5,"minecraft:sand":42,"minecraft:blast_furnace":1,"minecraft:spider_eye":4,"simplyswords:iron_twinblade":1,"graveyard:upper_bone_staff":1,"minecraft:diamond":1,"minecraft:iron_helmet":2,"minecraft:granite":4,"minecraft:oak_sapling":45,"minecraft:black_wool":1,"irons_spellbooks:uncommon_ink":1,"minecraft:coal":56,"iceandfire:raw_silver":6},"minecraft:broken":{"simplyswords:iron_twinblade":1,"dungeons_and_combat:rogue_helmet":1},"minecraft:crafted":{"minecraft:oak_planks":272,"minecraft:furnace":1,"apotheosis:salvaging_table":1,"minecraft:cooked_mutton":3,"minecraft:glass":18,"sophisticatedbackpacks:copper_backpack":1,"dungeons_and_combat:titanium_chestplate":1,"minecraft:iron_axe":2,"minecraft:stone_pickaxe":1,"minecraft:chest":3,"sophisticatedbackpacks:iron_backpack":2,"minecraft:wheat":198,"ironchest:gold_chest":1,"sophisticatedbackpacks:backpack":2,"iceandfire:silver_ingot":3,"minecraft:crafting_table":5,"dungeons_and_combat:titanium_greatsword":2,"minecraft:wooden_pickaxe":1,"minecraft:chainmail_chestplate":1,"minecraft:copper_ingot":23,"ironchest:copper_chest":1,"sophisticatedbackpacks:gold_backpack":2,"minecraft:bucket":1,"minecraft:stone_axe":1,"dungeons_and_combat:titanium_ingot":22,"dungeons_and_combat:titanium_leggings":1,"minecraft:bread":66,"minecraft:air":0,"justhammers:iron_hammer":2,"minecraft:stick":72,"epicpaladins:bloodstone_hoe":1,"minecraft:iron_ingot":60,"minecraft:iron_pickaxe":1,"minecraft:wooden_axe":1,"minecraft:gold_ingot":7,"minecraft:torch":220,"iceandfire:silver_pickaxe":1,"ironchest:iron_chest":1}},"DataVersion":3465}